날짜,1시,2시,3시,4시,5시,6시,7시,8시,9시,10시,11시,12시,13시,14시,15시,16시,17시,18시,19시,20시,21시,22시,23시,24시,,,
2021-01-01,67.53,67.55,66.74,66.74,67.72,67.72,67.72,65.93,67.72,67.72,66.46,64.62,63.31,64.52,66.85,65.36,67.72,67.72,67.72,67.72,67.72,67.72,68.45,68.45,,,
2021-01-02,69.61,68.88,68.01,66.19,66.34,68.18,68.21,69.61,67.82,65.84,67.4,65.57,64.53,64.41,64.48,69.58,67.45,69.58,69.58,69.58,67.91,67.9,68.59,69.61,,,
2021-01-03,66.49,67.09,68.6,63.26,63.26,66.06,69.5,69.12,68.18,62.66,69.47,68.68,62.03,66.35,66.41,69.47,67.83,69.47,69.47,69.47,67.91,66.37,67.49,67.72,,,
2021-01-04,66.4,64.88,62.55,62.55,64.25,66.43,69.65,71.17,73.04,84.76,72.72,71.72,69.32,69.77,71.92,71.92,72.3,72.3,72.2,71.79,69.49,68.18,68.18,69.44,,,
2021-01-05,69.33,69.33,69.33,69.33,69.33,69.33,69.44,72.79,75.78,75.78,75.58,72.87,73.89,73.31,73.31,73.31,73.31,72.82,72.82,71.59,70.72,69.07,69.08,69.65,,,
2021-01-06,68.81,68.81,68.81,68.81,68.81,68.81,68.81,74.06,76.65,76.64,74.85,73.9,69.52,74.1,74.1,74.18,74.18,74.18,74.18,71.71,70.82,69.09,69.09,70.65,,,
2021-01-07,69.33,69.65,69.33,69.33,69.33,69.33,69.33,74.72,75.53,75.72,74.83,74.21,73.3,73.25,74.72,74.69,74.79,74.69,74.69,74.22,71.17,70.72,69.33,73.03,,,
2021-01-08,70.26,69.33,69.33,69.33,69.33,69.33,69.33,71.99,74.25,75.55,75.04,74.21,73.14,73.8,74.8,74.75,75.97,74.8,74.66,74.66,71.25,69.33,69.33,73.03,,,
2021-01-09,74.37,71.33,68.52,68.52,68.52,70.88,72.02,71,74.54,70.68,71.68,73.25,67.73,67.98,69.32,71.42,71.56,74.08,74.37,71.61,70.99,69.83,69.97,73.54,,,
2021-01-10,68.39,68.35,68.39,66.02,67.72,68.05,68.46,68.46,68.43,67.56,67.56,67.75,65.29,69.47,67.59,67.64,70.1,70.1,70.16,70.16,69.47,68.88,68.93,68.98,,,
2021-01-11,69.62,69.62,69.62,69.62,69.62,69.62,69.65,72.18,75.47,75.47,75.17,74.69,73.47,74.75,74.75,74.75,75.56,75.33,75.28,75.09,71.19,69.62,69.62,71.19,,,
2021-01-12,70.42,69.65,69.33,69.33,69.33,69.33,70.44,71.22,74.22,75.78,75.78,75.77,74.66,75.19,84.82,79.63,88.05,79.61,74.05,72.99,71.58,70.35,70.35,71.58,,,
2021-01-13,72.37,69.69,68.75,68.75,68.75,69.44,70.84,74.17,74.73,76.22,76.22,74.18,73.44,75.37,75.2,74.86,75.63,75.63,75.64,75.64,72.02,71.27,70.38,71.11,,,
2021-01-14,70.11,69.67,69.67,69.67,69.67,69.67,69.67,72.22,73.86,74.83,74.82,73.86,71.47,74.53,74.81,74.81,74.81,74.42,73.86,71,70.99,68.81,68.81,69.44,,,
2021-01-15,68.17,69.44,67.58,68.78,68.62,68.78,68.78,70.1,73.25,73.25,73.25,73.25,70.67,71.78,71.78,71.78,71.78,71.21,71.05,69.96,68.85,67.6,67.24,69.44,,,
2021-01-16,68.65,68.48,67.07,66.62,66.59,66.65,69.58,69.58,69.23,68.35,69.58,68.82,66.71,69.58,68.9,67.83,68.66,69.58,69.58,68.67,68.02,67.78,67.65,68.04,,,
2021-01-17,68.47,68.47,68.34,66.69,66.69,67.43,68.29,68.29,68.27,66.79,66.47,68.04,65.4,66.01,69.04,67.58,71.25,72.49,72.49,72.49,69.03,67.63,68.21,67.99,,,
2021-01-18,69.44,67.98,67.15,65.28,67.7,68.8,68.8,69.15,72.33,72.33,72.33,72.32,71.68,72.25,73.6,73.6,73.6,73.6,72.34,70.39,69.01,68.8,68.8,69.44,,,
2021-01-19,68.89,68.89,69.98,68.89,68.89,68.89,68.89,74.1,74.1,74.1,74.1,73.27,70.42,73.29,74.2,74.19,74.2,74.2,72.81,72.18,70.45,68.89,68.89,72.98,,,
2021-01-20,69.67,69.67,69.67,69.67,69.67,69.67,69.77,71.13,73.29,73.33,73.25,72.38,71.36,73.26,73.88,73.88,74.31,74.31,74.32,74.32,69.42,69.22,69.22,69.44,,,
2021-01-21,68.81,68.81,68.81,68.81,68.81,68.81,69.22,69.86,72.99,73.85,73.85,73.86,71.6,73.83,73.85,73.85,73.85,72.36,72.36,70.74,69.51,68.81,68.81,69.44,,,
2021-01-22,69.33,69.33,69.33,69.33,69.33,69.44,69.33,69.8,72.15,72.9,72.9,72.89,69.58,72.9,72.9,72.9,72.9,72.39,72.03,71.09,69.57,69.32,69.32,69.44,,,
2021-01-23,69.58,68.86,66.73,66.73,66.73,68.58,68.29,68.83,69.59,69.02,69.37,69.37,66.89,66.91,69.37,69.37,68.94,69.37,69.37,68.74,68.46,67.68,68.13,69.58,,,
2021-01-24,68.11,68.11,67.98,66.25,66.13,66.8,67.72,66.81,66.71,65.66,65.66,64.46,64.27,64.4,64.45,66.46,67.89,68.29,68.3,68.3,68.2,67.27,67.34,67.42,,,
2021-01-25,67.64,65.71,62.7,62.7,62.7,67.32,69.44,68.09,71.97,72.35,72.35,72.17,69.74,71.04,72,72,72.17,72,71.09,70.47,68.8,67.36,67.21,70.63,,,
2021-01-26,67.8,67.8,66.41,65.72,65.72,67.8,67.8,71.34,71.33,72.11,72.11,71.12,69.86,71.89,71.89,71.89,71.89,71.48,71.18,69.09,67.97,67.8,67.8,71.34,,,
2021-01-27,67.96,67.96,67.96,67.69,67.96,67.96,70.64,71.6,74.84,73.69,76.66,71.17,68.59,69.78,69.78,71.42,73.54,71.42,71.5,71,69.07,67.7,67.7,74.47,,,
2021-01-28,67.93,67.93,67.93,67.65,67.93,67.93,67.93,68.7,71.94,72.33,74.08,72.31,70.21,71.47,72.32,71.92,72.34,71.92,71.92,69.65,70.47,67.72,67.64,70.6,,,
2021-01-29,67.98,67.91,67.91,67.91,76.04,67.91,68.46,70.46,72.19,73.53,75.83,73.37,72.66,73.37,73.6,73.6,73.6,73.6,72.18,72.18,69.25,69.03,69.03,73.3,,,
2021-01-30,67.58,68.23,66.57,65.97,65.97,68.63,68.21,68.16,69.61,69.61,69.58,68.66,66.91,67.31,69.58,68.05,69.58,69.12,69.58,68.92,69.08,66.95,66.98,73.92,,,
2021-01-31,69.82,70.21,69.64,64.38,64.49,66.31,69.47,68.93,66.3,60.33,60.33,58.43,56.37,58.09,58.94,60.86,65.23,67.91,69.26,69.26,67.94,67.32,67.72,67.72,,,
2021-02-01,73.87,68.69,64.53,63.51,66.89,73.45,73.21,76.93,78.38,78.38,78.38,77.44,75.56,75.56,77.24,76.56,78.48,78.48,77.72,76.95,74.39,73.19,73.19,75.1,,,
2021-02-02,73.58,73.02,72.2,71.81,75.1,72.98,73.34,77.47,78.97,78.97,77.47,77.57,74.94,76.92,77.41,78.63,78.63,78.63,78.63,77.55,74.97,74.68,74.68,75.33,,,
2021-02-03,73.62,73.01,73.84,72.15,72.32,73.66,74.64,78,80.36,80.36,79.29,78.61,74.97,79.27,80.36,80.35,80.35,79.55,79.55,78.7,76.23,74.82,74.82,75.1,,,
2021-02-04,75.1,72.64,72.6,72.6,72.61,72.8,78,80.09,80.09,80.09,80,78.62,74.98,76.67,77.42,78.64,78.65,78.65,78.66,77.69,75.1,74.71,74.71,75.1,,,
2021-02-05,75.1,72.52,72.2,72.43,72.23,73.27,73.45,77.64,78.71,78.7,78.7,78.69,79.88,77.18,77.75,78.19,78.19,78.19,78.19,75.33,75.02,73.11,73.11,75.1,,,
2021-02-06,74.74,74.74,74.05,71.89,71.87,74,74.83,74.32,74.84,73.94,73.94,73.66,73.35,72.38,71.01,70.92,74.02,74.02,74.93,74.93,74.63,72.91,72.96,75.03,,,
2021-02-07,73.8,73.8,73.1,71,71,73.24,73.24,73.24,73.24,68.87,68.87,68.87,67.65,67.65,68.87,73.33,73.62,73.24,74.1,73.24,73.24,72.32,72.44,74.79,,,
2021-02-08,75.37,75.11,71.6,71.95,72.3,74.29,74.36,80.11,80.43,80.43,80.43,80.42,79.99,79.02,80.23,80.23,80.23,80.23,79.68,78.1,77.09,76.26,76.12,76.83,,,
2021-02-09,75.1,73.8,75.1,73.8,73.86,73.86,80.08,80.12,80.49,80.49,80.39,80.41,79.87,78.56,79.66,79.74,79.79,79.79,79.79,78.13,76.49,74.91,74.91,75.1,,,
2021-02-10,74.36,73.21,72.76,72.76,73.21,72.93,74.71,77.67,78.89,78.89,78.36,78.17,74.64,77.54,76.91,74.74,74.36,74.17,74.22,74.39,74.44,74.49,74.49,75.1,,,
2021-02-11,74.55,74.55,73.77,71.45,71.46,71.46,71.46,71.46,70.68,68.95,68.95,68.95,66.63,65.54,65.54,66.63,69.06,71.05,72.64,72.56,72.58,73.72,74.13,74.63,,,
2021-02-12,76.27,75.52,68.97,67.72,68.21,69.89,70.11,70.73,69.65,53.48,47.43,46.81,46.81,46.81,46.81,47.43,56.88,66.9,69.97,69.97,71.22,73.37,76.97,77.61,,,
2021-02-13,75.81,74.61,74.64,69.35,69.35,70.09,70.09,70.09,69.56,66.46,66.46,66.46,66.46,66.46,66.46,66.46,69.24,71.32,73.09,73.09,74.12,73.85,74.2,74.28,,,
2021-02-14,75.2,74.44,68.34,67.65,68.34,70.39,70.39,70.39,73.31,69.2,69.68,68.34,67.65,68.34,68.34,68.34,69.54,71.34,73.15,73.07,72.66,73.15,75,75,,,
2021-02-15,75.7,73.55,68.64,68.64,69.08,75.1,73.21,75.1,77.84,77.84,77.84,77.83,75.12,76.94,77.34,77.83,77.98,77.98,78,76.96,76.86,75.39,75.39,75.39,,,
2021-02-16,75.95,74.35,74.35,74.35,74.35,75.1,78.02,80.35,80.44,80.44,80.34,80.44,77.52,79.08,79.08,79.44,79.44,79.44,79.44,78.97,77.32,76.19,76.02,76.7,,,
2021-02-17,76.8,74.22,73.56,73.56,75.33,73.62,76.35,81,81.06,81.06,81.06,80.26,79.07,79.07,79.07,79.63,80.4,80.4,80.4,80.27,77.13,75.99,75.99,77.56,,,
2021-02-18,76.35,75.79,74.36,74.33,74.36,76.15,80.91,81.33,83.93,83.79,81.23,81.23,79.3,79.3,81.41,80.24,81.33,80.52,80.52,80.52,77.56,76.15,75.48,77.36,,,
2021-02-19,76.55,74.79,74.39,74.4,74.4,75.1,76.33,80.17,80.48,80.48,80.46,80.46,78.24,79.28,80.31,80.31,80.31,80.31,78.31,78.2,76.92,76.2,74.95,76.94,,,
2021-02-20,76.17,75.25,73.82,73.82,73.82,75.25,74.83,76.93,80.27,76.79,79.25,74.41,73.81,73.81,73.78,74.8,74.25,74.39,74.8,74.8,74.8,74.5,74.5,75.08,,,
2021-02-21,79.45,71.5,71.44,71.11,71.48,72.21,74.68,74.68,74.68,73.7,69.38,69.03,66.46,66.46,68.41,72.42,73.83,73.77,74.68,74.68,73.89,73.5,73.84,74.46,,,
2021-02-22,74.65,73.21,71.8,71.76,72.02,74.65,74.62,80.53,81.89,81.89,80.34,80.31,75.15,76.94,76.94,78.96,80.3,80.3,80.48,80.48,76.97,76.51,75.16,76.97,,,
2021-02-23,73.59,72.71,72.46,71.62,72.26,73.1,76.81,77.64,79.78,79.35,77.53,76.65,74.44,77.41,77.41,78.15,78.5,78.17,77.81,77.57,75.17,73.79,73.8,75.22,,,
2021-02-24,73.59,72.61,73.4,71.62,75.06,72.85,73.71,78.28,79.78,79.35,77.67,77.36,75.15,77.41,78.25,78.13,78.96,78.14,76.92,76.92,75.1,74.45,74.51,75.1,,,
2021-02-25,73.55,72.4,72.29,71.55,72.28,73.76,75.1,76.89,78.22,78.22,78.22,77.3,75.25,77.28,77.28,77.28,77.28,77.06,76.71,75.25,74.11,73.28,73.14,75.1,,,
2021-02-26,74.7,73.26,72.69,72.37,72.83,73.21,76.39,77.76,81.09,82.12,82.12,78.09,74.72,75.63,75.63,77.22,77.22,77.22,77.15,76.65,75.07,73.18,73.2,74.65,,,
2021-02-27,74.64,74.64,74.11,72.43,72.43,72.44,73.35,73.87,73.86,73.86,73.83,73.35,70.51,70.45,68.87,71.51,73.35,73.47,74.01,74.01,73.78,73.57,73.98,74.01,,,
2021-02-28,74.94,74.62,74.16,69.32,71.05,72.12,72.12,72.12,72.03,65.54,65.54,65.54,65.54,65.54,65.54,65.54,68.59,71.97,73.87,73.87,73.06,72.87,73.81,73.87,,,
2021-03-01,81.26,81.26,78.76,72.96,79.17,79.71,79.74,80.06,81.12,81.57,81.47,81.37,79.53,81.26,81.26,81.41,81.41,81.41,82.48,83,83,82.92,83,82.03,,,
2021-03-02,79.71,79.27,78.95,78.94,79.45,80.28,82.19,84.22,85.57,85.57,85.57,85.56,83.19,84.38,84.38,85.58,85.58,85.58,85.6,85.03,84.75,83.88,83.67,84.03,,,
2021-03-03,83.94,81.74,81.75,81.75,82.29,81.75,84.94,85.55,86.5,86.5,86.5,86.5,82.3,84.4,85.61,86.54,86.54,86.54,86.54,85.06,84.81,84.02,83.44,83.85,,,
2021-03-04,82.54,82.21,82.54,80.01,82.44,81.94,83.2,83.96,86.38,87.02,87.02,87.01,86.52,87.79,87.79,87.62,87.79,86.17,85.28,84.23,84.03,83.78,83.58,83.79,,,
2021-03-05,82.29,81.3,82.54,80.35,80.42,82.54,82.54,85.02,87.58,87.48,87.19,86.9,83.86,84.53,85.23,85.23,85.23,84.64,84.05,84.03,83.7,83.3,83.35,83.46,,,
2021-03-06,84.05,84.51,84.14,82.74,82.74,83.63,83.58,83.53,83.48,83.43,83.43,81.92,81.92,81.92,81.92,81.92,83.12,84.22,84.25,84.25,84.21,83.36,83.46,83.62,,,
2021-03-07,83.97,83.95,83.93,80.59,82.23,82.16,82.13,82.23,82.07,79.3,80.36,81.74,78.23,78.1,78.58,78.69,81.74,81.43,81.74,81.74,81.74,81.74,81.62,81.74,,,
2021-03-08,82.54,80.01,78.95,78.95,79.45,82.69,82.69,87.48,87.61,87.61,87.34,87.38,84.17,84.56,84.56,85.48,87.18,87.18,87.61,87.61,86.4,84.58,84.28,84.8,,,
2021-03-09,83.02,81.34,81.34,81.26,81.34,82.54,84.96,85.19,85.6,85.6,85.57,85.56,82.44,84.12,84.42,84.63,86.27,85.01,86.27,84.98,84.15,83.5,82.49,82.49,,,
2021-03-10,83.03,81.39,82.54,81.37,82.54,84.95,84.95,85.19,86.62,85.21,85.57,86.11,81.63,82.44,83.43,83.98,85.14,85.15,85.15,85.15,84.93,84.53,83.55,84.24,,,
2021-03-11,83.04,82.54,81.38,81.45,82.54,82.47,84.88,87.57,87.28,87.19,86.89,84.73,81.18,82.55,83.97,83.97,84.95,84.95,84.96,84.96,84.54,83.71,83.25,83.71,,,
2021-03-12,81.69,81.52,80.13,80.03,80.14,81.86,82.45,83.9,87.45,87.45,87.36,87.26,84.77,86.46,86.45,86.45,86.45,84.7,84.2,84.24,83.5,83.5,82.42,85.55,,,
2021-03-13,85.53,84.57,81.42,81.48,81.48,83.45,83.44,84.77,84.75,84.07,83.45,83.41,79.38,80.05,79.72,80.48,83.14,82.99,86.25,86.03,84.49,84.39,84.39,86.21,,,
2021-03-14,84.14,84.13,84.07,80.62,80.56,82.05,82.09,82,81.85,80.26,80.03,79.31,79.32,78.75,78.24,79.26,80.72,81.78,83.18,83.18,83.18,83.18,83.18,84.44,,,
2021-03-15,83.79,79.75,79.09,76.7,79.93,80.07,85.44,85.65,88.49,88.18,85.62,88.12,81.1,83.9,83.83,88.32,85.36,85.64,85.67,85.67,85.67,84.24,84.24,84.24,,,
2021-03-16,81.83,80.72,80.75,80.86,80.98,84.83,85.15,85.94,87.35,85.13,86.56,84.61,81.61,82.47,82.51,84.22,85.21,85.21,85.21,84.87,84.75,84.44,82.52,84.42,,,
2021-03-17,81.85,81.45,81.39,81.37,81.63,84.1,84.57,85.19,85.57,85.57,85.14,85.57,81.75,82.53,83.56,84.5,85.21,85.22,85.22,85.22,84.81,84.37,84.07,84.17,,,
2021-03-18,81.93,81.58,81.58,81.08,81.08,85.13,85.95,85.5,85.95,85.16,85.16,84.9,81.72,82.62,83.7,84.55,84.95,85.26,85.26,85.26,85.26,84.22,83.42,84.28,,,
2021-03-19,82.03,80.81,80.22,80.13,80.23,81.28,82.57,86.23,86.72,85.3,85.51,84.97,82.04,82.64,83.74,84.2,85.02,85.02,85.02,85.02,84.74,84.45,83.68,84.39,,,
2021-03-20,83.06,81.62,80.99,80.99,80.99,81.86,83,83.32,84.1,84.09,85.64,85.5,82.61,85.64,83.29,82.51,83.29,83.27,85.44,85.49,85.45,85.38,82.77,85.49,,,
2021-03-21,85.95,86.1,81.52,81.58,81.63,82.44,83,84.23,80.4,79.24,79.18,78.72,78.72,78.72,78.71,79.01,80.02,81.62,82.03,82.05,82.05,83.43,83.45,83.45,,,
2021-03-22,83.16,80.07,79.01,79.1,79.19,83.02,84.86,85.21,87.02,87.02,85.16,85.17,81.78,82.51,82.51,84.05,85.61,85.61,85.63,85.63,85.29,84.32,84.13,84.32,,,
2021-03-23,81.87,81.36,81.36,81.36,82.52,85.13,86.96,86.8,87.96,85.59,85.11,85.08,81.75,82.57,82.59,83.86,85.26,85.26,85.26,85.26,85,85.01,84.21,84.22,,,
2021-03-24,83.35,83.05,81.98,81.3,81.98,84.87,87.69,87.59,87.4,87.2,86.02,84.65,82.99,84.62,84.62,84.61,85.28,85.28,85.28,85.28,84.86,84.13,83.8,83.98,,,
2021-03-25,81.92,81.6,81.55,81.46,81.55,85.44,86.25,85.29,86.24,87.74,85.27,85.16,81.54,82.57,83.99,85.22,85.29,85.59,85.6,85.28,84.8,83.66,82.78,84.25,,,
2021-03-26,81.63,81.28,81.28,81.31,81.41,83.87,84.72,85.22,87.62,85,84.97,87.08,81.77,82.57,84.19,84.45,85.21,85.22,85.23,85.25,84.6,84.01,83.66,84.5,,,
2021-03-27,84.75,84.75,82.08,82.08,82.08,82.56,83.91,83.91,83.9,83.46,83.88,83.66,82.13,82.76,82.61,82.76,83.77,83.51,85.6,85.6,85.64,84.63,83.56,85.64,,,
2021-03-28,88.1,86.95,80.68,80.63,80.64,80.87,80.87,80.87,80.64,80.22,80.1,79.45,79.45,79.39,79.04,79.91,81.41,81.54,83.11,83.12,83.12,83.12,83.12,83.12,,,
2021-03-29,84.12,80.27,79.97,79.67,80.27,82.91,85.21,85.66,87.58,85.64,86.43,86.91,80.56,82.65,83.85,83.96,86,87.18,87.67,87.67,87.67,84.55,84.55,84.55,,,
2021-03-30,83.05,82.06,82.12,82.18,82.18,85.15,85.15,85.64,86.51,85.62,86.18,86.09,79.91,82.58,83.41,83.65,86.09,86.09,87.28,87.37,87.66,87.76,84.26,84.27,,,
2021-03-31,82.19,82.31,82.37,82.43,82.55,84.15,86.36,85.96,86.58,84.67,84.66,84.66,80.02,82.01,82.83,82.83,85.42,85.42,85.43,85.43,85.19,85.18,83.31,84.74,,,
2021-04-01,74.05,73.3,72.57,72.57,73.79,74.79,74.69,76.46,76.42,76.37,75.62,78.88,74.31,75.61,75.61,76.21,76.53,76.9,76.9,76.9,76.91,75.52,75.52,75.56,,,
2021-04-02,74.92,73.85,73.9,73.9,73.9,76.84,77.15,77.15,77.2,76.33,77.2,76.9,72.57,73.81,73.87,75.37,76.54,77.26,77.29,77.29,77.29,76.8,76.41,76.41,,,
2021-04-03,73.66,73.66,73.06,73.06,73.06,73.06,73.73,73.73,73.83,73.8,73.83,73.83,73.1,73.83,73.83,73.83,75.51,75.51,75.51,75.51,74.41,74.41,74.41,74.41,,,
2021-04-04,73.12,72.32,71.38,71.25,71.34,71.38,73.12,72.98,71.38,70.98,70.98,70.95,70.94,70.94,78.51,70.94,71.93,73.48,73.74,76.32,75.95,75.95,75.95,74.04,,,
2021-04-05,75.61,72.57,72.57,72.57,72.57,73.9,78.55,78.55,82.39,78.53,82.27,82.26,73.63,75.62,75.62,75.96,79.17,79.17,80.39,80.39,79.48,79.28,78.54,77.28,,,
2021-04-06,75.02,74.44,73.98,73.77,74,76.41,76.63,78.18,78.71,78.7,78.69,78.3,73.79,75.9,76.26,78.28,79.24,79.24,79.73,79.73,79.73,79.73,79.44,77.2,,,
2021-04-07,75.05,74.73,73.82,73.82,73.82,78.54,78.54,78.53,78.52,78.18,78.18,76.83,76.04,76.88,77.28,77.73,79.25,79.25,79.25,79.45,79.76,79.33,79.45,76.12,,,
2021-04-08,75.28,75.01,75.01,75.02,75.02,79,79.07,78.93,78.92,78.92,78.91,78.18,75.58,75.63,76.25,77.2,79.24,79.24,79.76,79.76,80.25,80.15,78.56,78.71,,,
2021-04-09,75.03,74.5,73.84,73.82,73.81,75.99,75.99,77.21,77.19,77.19,77.18,76.69,74.72,76.75,76.75,77.39,79.15,79.15,79.15,79.15,79.07,77.39,76.75,76.75,,,
2021-04-10,75.24,74.28,73.98,73.74,73.99,76.06,77.47,77.47,76.5,73.06,73.06,73.06,73.06,73.06,73.06,73.66,74.86,75.77,76.54,76.53,76.48,75.57,75.53,76.16,,,
2021-04-11,73.5,72.67,72.66,72.71,72.71,73.59,73.99,73.99,73.98,73.98,73.98,72.59,71.4,71.35,71,71.39,73.4,76.07,75.91,76.32,76.24,75.39,75.39,75.17,,,
2021-04-12,74,74,74,74,74,78.99,78.99,78.99,78.96,77.23,77.23,76.93,73.89,74.45,75.43,75.92,79.26,79.6,79.79,79.79,79.79,79.79,76.8,76.8,,,
2021-04-13,75.02,74.09,74.09,74.09,74.09,74.09,76.78,78.64,78.64,78.5,78.5,76.15,74.96,75.84,75.83,78.18,78.93,78.94,78.94,78.95,79.01,79.09,76.41,76.41,,,
2021-04-14,75.01,74.69,73.73,73.79,73.79,78.72,78.8,78.63,78.45,77.53,76.15,76.13,75.5,76.13,76.13,76.42,78.47,78.47,78.48,78.48,78.48,76.42,76.14,76.15,,,
2021-04-15,75.04,74.44,73.76,73.76,73.76,77.16,77.16,77.54,77.54,77.54,77.54,76.85,74.23,76.56,76.88,76.56,78.49,78.49,78.72,78.9,79.13,79.2,79.2,76.44,,,
2021-04-16,74.74,73.77,73.77,73.75,73.77,73.83,75.68,79.05,79.15,79.15,79.15,79.15,77.89,77.8,77.8,77.62,77.8,77.8,77.89,77.24,77,76.02,76.02,76.2,,,
2021-04-17,75.2,74.35,74.35,74.35,74.3,74.35,74.35,74.35,73.67,73.67,73.67,73.06,73.06,73.06,73.06,73.06,73.66,74.56,75.23,75.86,75.86,75.87,75.25,75.26,,,
2021-04-18,73.93,72.44,72.5,72.5,72.55,72.55,72.44,72.34,71.33,70.88,70.88,70.88,70.88,70.88,70.88,72.11,72.48,73.78,74.86,75.31,75.4,75.49,75.53,75.63,,,
2021-04-19,73.65,72.57,72.57,72.57,72.57,72.57,75.45,74.55,75.72,75.72,75.72,75.66,75.12,75.66,76.75,76.75,76.87,76.87,76.88,76.88,76.33,76.33,75.49,75.49,,,
2021-04-20,74.87,73.78,73.83,73.83,73.88,76.06,76.26,76.93,77.04,76.74,76.53,75.76,72.77,74.54,75.26,75.52,78.11,78.27,78.27,78.27,78.28,77.26,76.33,76.34,,,
2021-04-21,75.55,74.47,74.03,74.12,74.17,75.19,75.57,76.29,76.23,76.19,76.17,76.15,74.52,76.12,76.57,76.56,79.26,79.35,79.53,79.79,76.93,76.61,76,76.04,,,
2021-04-22,74.75,73.79,73.84,73.84,73.84,73.84,74.52,75.6,76.36,79.78,77.16,77.16,76.31,77.16,77.16,80.13,77.16,77.16,77.16,76.37,75.94,75.15,74.77,74.81,,,
2021-04-23,74.82,72.57,72.57,72.57,72.57,72.98,73.72,75.44,76.3,77.27,77.27,77.27,76.27,77.27,77.27,77.27,77.27,76.91,76.92,76.29,75.89,75.67,75.14,75.15,,,
2021-04-24,75.11,73.74,73.34,73.36,73.39,75.46,75.46,75.46,75.46,73.06,73.06,73.06,73.06,73.06,73.99,74.02,74.62,76.47,76.47,76.47,76.48,76.4,76.03,76.05,,,
2021-04-25,74.16,74.2,72.76,72.76,72.81,74.23,74.23,74.06,73.93,71.51,71.51,62.57,62.57,71.37,66.83,70.61,72.09,74.83,75.98,76.18,76.18,76.18,76.18,75.9,,,
2021-04-26,75.12,72.38,72.03,72.03,73.31,74.76,75.49,76.84,76.9,76.9,76.83,76.85,74.87,75.94,76.26,77.21,81.02,81.02,81.09,81.07,80.13,79.27,78.01,78.01,,,
2021-04-27,75.13,74.73,73.88,73.88,73.88,75.8,75.8,76.24,77.2,77.2,77.2,77.2,76.08,77.2,78.29,78.29,79.2,79.3,79.3,79.3,79.12,77.2,76.1,76.1,,,
2021-04-28,74.78,73.9,73.9,73.9,73.89,74.45,75.54,76.21,76.3,76.3,80.01,75.94,79.29,75.94,76.26,76.62,78.27,78.27,78.27,78.27,76.63,76.49,76.49,75.81,,,
2021-04-29,75.22,74.73,73.81,73.81,73.81,74.35,75.92,76.29,76.22,76.2,76.19,76.18,74.4,75.7,75.85,76.29,78.12,78.12,78.12,78.12,76.76,76.77,75.75,75.75,,,
2021-04-30,74.98,74.75,73.84,73.84,73.84,75.49,76.17,76.17,81.52,76.24,76.23,76.22,74.04,75.9,75.9,75.95,78.09,78.54,78.54,78.54,78.54,76.72,75.92,75.93,,,
2021-05-01,79.67,79.02,78.82,78.26,78.26,78.26,78.26,78.26,78.22,77.77,77.72,77.5,76.46,76.64,77.2,78.87,79.04,85.83,80.07,80.46,80.46,80.47,80.47,80.48,,,
2021-05-02,78.4,78.28,78.28,77.01,77.01,77.01,76.96,76.72,76.55,75.96,76.16,75.9,75.95,75.87,76.1,76.98,76.87,78.98,79,80.17,80.17,80.17,80.17,80.17,,,
2021-05-03,77.75,76.64,76.48,76.43,76.69,77.41,80.89,81.32,81.45,81.45,81.45,81.2,79.44,80.02,80.77,81.25,82.05,82.76,82.78,82.78,82.78,81.96,81.31,81.31,,,
2021-05-04,79.24,78.98,78.32,78.32,78.32,79.62,81.08,81.59,85.24,82.57,85.24,81.61,79.89,81.06,81.63,82.28,85.6,83.69,83.69,83.69,82.64,81.62,81.26,81.42,,,
2021-05-05,77.89,78,78.06,78.12,78.23,78.29,78.23,76.88,76.46,76.46,76.46,75.98,75.35,75.35,75.72,77.16,77.18,80.06,80.67,80.69,80.7,80.72,80.4,79.6,,,
2021-05-06,79.08,77.59,77.72,77.79,77.86,78,79.34,81.59,81.63,81.63,81.63,81,78.07,79.24,80.11,80.78,81.35,81.56,81.74,81.74,81.74,81.49,81.4,81.1,,,
2021-05-07,79.52,77.52,76.6,76.8,76.8,76.8,80.13,79.95,81.13,81.13,81.13,81.13,79.84,80.12,80.9,81.29,81.69,81.69,81.69,81.71,81.3,81.13,80.17,79.97,,,
2021-05-08,78.25,78,76.65,76.61,76.6,76.65,76.65,76.6,76.27,75.54,75.54,75.54,65.63,75.34,75.34,77.14,77.43,78.4,80.41,80.41,80.41,80.41,79.95,79.96,,,
2021-05-09,76.77,76.77,76.77,76.77,76.77,76.77,76.71,71.96,66.78,59.49,66.78,59.08,59.08,59.08,66.78,66.78,75.79,77.23,77.91,79.41,79.55,79.74,79.84,78.15,,,
2021-05-10,78.42,76.48,76.62,76.66,76.75,78.05,78.05,81.33,81.69,81.69,81.69,81.61,79.71,79.71,80.71,81.19,83.77,83.87,84.5,84.5,84.5,84.5,81.54,81.54,,,
2021-05-11,78.64,77.37,76.93,76.93,76.97,77.02,78.92,80.2,82,82,82,81.63,79.54,80.75,80.69,81.4,81.67,81.67,81.68,81.68,81.54,80.19,79.64,79.3,,,
2021-05-12,77.71,76.86,76.72,76.58,76.73,76.78,78.99,79.16,79.91,79.91,79.88,79.82,79.79,79.76,80.36,81.16,81.67,82.75,82.75,82.76,82.76,81.44,81.4,80.37,,,
2021-05-13,78.06,76.72,76.53,76.78,76.78,76.78,78.96,79.31,81.05,80.96,80.91,80.82,79.88,80.87,81.48,81.48,82.08,82.7,82.71,82.71,82.71,81.53,81.18,81.24,,,
2021-05-14,78.48,76.97,76.78,76.62,76.78,76.81,78.22,79.19,79.56,81.56,81.45,79.49,76.62,79.49,80.46,81.07,81.76,82.1,82.11,82.13,82.14,81.82,81.23,80.47,,,
2021-05-15,77.55,76.81,76.85,76.9,76.9,76.9,77.05,78.06,79.24,79.84,80.94,80.94,80.87,80.94,80.94,80.94,80.94,79.81,80.94,80.94,79.86,79.82,79.24,78.51,,,
2021-05-16,77.6,77.54,76.35,76.42,76.42,76.42,76.56,71.98,67.03,59.45,59.45,58.83,59.45,59.45,59.45,67.48,74.1,77.39,78.35,79.01,79.01,79.01,79.01,78.26,,,
2021-05-17,72.74,59.24,58.96,58.96,72.64,64.58,73.01,77.31,79.56,79.56,79.56,79.56,76.81,79.56,80.52,81.04,81.66,81.67,81.76,81.76,81.76,80.53,80.2,78.98,,,
2021-05-18,76.75,76.59,75.5,74.07,75.57,76.99,77.34,79.06,82.03,82.03,82.02,81.76,78.45,84.78,80.21,81.53,81.74,81.74,81.78,81.85,80.95,80.06,78.73,78.83,,,
2021-05-19,77.94,76.98,77.06,76.46,76.46,76.79,76.79,76.75,76.7,76.65,76.6,76.35,74.37,77.02,77.02,77.36,78.8,78.8,83.18,83.4,83.75,80.8,80.61,79.55,,,
2021-05-20,76.94,74.29,72.23,65.11,69.28,75.79,77.34,78.22,80.99,80.99,80.99,80.93,80.19,81.4,82.13,82.13,82.13,82.13,81.97,81.97,81.45,80.99,79.86,79.86,,,
2021-05-21,77.15,76.82,76.84,74.35,76.81,77.03,77.03,77.92,80.91,80.93,85.59,85.22,80.03,85.22,81.52,81.52,81.52,81.52,81.53,81.37,80.91,79.27,78.95,78.95,,,
2021-05-22,79.16,77.3,77,76.61,76.67,76.67,76.67,76.67,76.47,76.47,76.47,76.46,74.62,76.78,77.24,77.44,78.21,82.69,82.7,83.38,82.69,81.09,80.97,79.82,,,
2021-05-23,76.59,76.59,75.35,75.35,75.35,75.35,76.07,76.07,76.06,77.35,77.08,76.94,76.87,87.19,87.19,77.42,77.64,80.57,80.59,80.61,80.61,79.99,79.51,77.94,,,
2021-05-24,76.77,75.84,74.81,73.75,74.81,74.97,77.11,79.24,81.38,83.14,83.88,83.5,83.5,83.5,84.48,84.48,84.48,84.48,83.88,83.88,83.88,81.1,80.61,79.99,,,
2021-05-25,79.61,76.83,76.83,76.63,76.83,76.83,77.82,79.35,81.74,81.71,81.65,81.6,80.27,81.26,82.23,83.47,84.55,84.56,84.56,84.56,82.24,81.29,80.92,79.87,,,
2021-05-26,79.1,77.72,77.86,77.86,77.86,77.86,79.52,81.41,81.74,81.73,81.72,85.09,78.68,79.36,80.51,80.93,82.07,82.08,82.09,82.09,81.86,81.67,81.51,81.51,,,
2021-05-27,77.4,76.8,76.8,76.46,76.83,76.83,78.95,79.86,81.75,81.8,81.8,81.79,80.72,81.71,82.13,82.13,82.35,82.35,82.35,82.35,82.14,81.43,81.42,80.84,,,
2021-05-28,78.4,76.84,76.84,76.69,76.69,76.87,79.3,79.87,81.2,81.28,82.09,82.09,80.98,82.08,83.83,83.83,85.78,83.83,82.35,81.64,81.21,80.57,79.88,79.2,,,
2021-05-29,77.74,76.36,76.23,76.24,76.25,76.28,76.31,76.23,76.01,74.38,74.38,74.38,59.59,74.38,74.38,76.41,77.56,77.65,78.75,78.83,79.11,79.17,78.66,77.7,,,
2021-05-30,76.28,70.76,67.21,67.21,67.21,67.21,67.21,59.51,59.08,59.08,67.78,59.51,59.08,59.51,67.78,74.18,76.88,78.23,78.64,78.64,78.64,78.7,78.82,77.82,,,
2021-05-31,75.67,73.76,73.76,73.55,75.02,75.07,76.98,81.21,81.52,81.52,81.52,81.52,79.38,80.24,80.36,81.13,81.92,81.92,81.98,81.98,81.98,81.36,80.25,79.98,,,
2021-06-01,81.42,80.05,80.05,80.08,80.12,80.12,83.14,83.14,84.59,84.58,84.57,84.56,83.52,84.55,84.96,84.95,87.25,87.25,87.25,87.25,85.94,85.01,84.4,83.43,,,
2021-06-02,81.42,80.14,80.29,80.36,80.36,80.36,85.04,83.23,84.55,84.45,84.4,84.31,83.22,84.65,84.65,84.89,85.87,85.91,85.92,85.92,85.92,85,83.52,83.24,,,
2021-06-03,81.32,81.37,79.96,80.03,80.1,80.1,81.84,83.12,84.63,85.18,85.75,85.75,85.48,85.75,87.44,87.44,87.44,87.44,87.18,87.18,84.76,84.33,84.31,83.22,,,
2021-06-04,80.98,79.88,79.86,79.92,79.99,79.99,80.61,84.74,84.68,84.43,84.59,84.5,83.23,84.45,84.45,84.92,85.07,85.21,85.21,85.21,85.21,83.55,83.24,83.25,,,
2021-06-05,80.33,80.22,80.22,80.22,80.57,80.22,80.22,80.12,80.12,80.12,80.12,80.12,74.77,80.12,80.12,80.12,80.53,82.03,82.03,82.65,82.67,82.76,82.76,81.19,,,
2021-06-06,79.75,77.36,72.08,70.58,70.58,70.58,70.58,63.52,63.52,59.41,63.52,63.52,63.52,63.52,63.52,79.07,79.77,82.15,83.19,83.19,83.19,83.19,83.02,82.28,,,
2021-06-07,80.25,80.25,67.67,65.5,73.99,73.99,80.25,85.16,86.58,86.58,86.58,90.68,82.86,90.68,84.73,85.11,88.15,88.15,88.64,88.64,85.97,85.16,84.88,84.63,,,
2021-06-08,80.05,79.89,79.89,71.67,71.67,79.89,79.89,80.97,85.11,83.33,83.46,83.45,83.45,84.79,85.24,85.57,85.58,85.59,85.6,85.61,84.82,83.87,84.64,81.39,,,
2021-06-09,79.66,79.98,78.72,71.19,71.19,79.16,78.72,80,81.07,82.23,82.97,82.97,82.97,83.94,85.77,85.76,86.14,86.14,86.14,86.15,84.9,83.64,81.89,81.47,,,
2021-06-10,80.3,80,78.99,77.75,75.48,80.73,80.94,81.88,83.59,84.76,84.76,84.76,83.39,84.76,85.9,85.9,85.96,85.96,85.96,85.97,84.92,83.6,83.1,82.25,,,
2021-06-11,80.13,80.02,80.02,73.6,73.6,78.47,80.55,81.33,85.79,85.79,85.78,85.77,84.75,85.25,85.18,85.16,85.18,84.63,84.66,84.47,83.55,83.1,81.31,81.09,,,
2021-06-12,80.32,79.67,79.09,77.6,74.78,77.6,77.6,74.78,74.78,74.78,74.78,74.78,62.06,74.78,74.78,79.41,80.62,87.04,82.87,87.22,88.31,84.19,84.22,83.51,,,
2021-06-13,79.18,70.68,62.4,62.4,62.4,62.4,62.4,62.4,62.4,62.4,62.4,62.4,62.4,62.4,62.4,62.4,79.56,82.19,83.87,83.87,84.19,84.22,84.24,84.27,,,
2021-06-14,74.27,67.51,61.08,61.08,66.42,66.42,74.27,81.27,84.75,84.75,84.75,84.59,82.81,84.26,84.84,85.21,85.85,85.85,85.86,85.86,85.86,85.29,84.5,83.69,,,
2021-06-15,80.18,80.25,78.03,75.71,76.62,79.72,80.39,81.33,84.34,84.78,85.92,85.92,84.56,88.69,88.69,88.59,88.59,88.12,87.98,87.98,85.07,84.55,84.38,84.43,,,
2021-06-16,82.47,80.01,80.01,80.01,80.08,80.08,81.25,83.27,85.97,85.96,85.96,85.96,85.31,85.61,88.44,88.43,88.58,88.68,88.68,88.87,85.97,84.91,84.41,84.49,,,
2021-06-17,82.65,80.19,80.16,80.16,80.23,80.23,84.56,83.18,85.86,85.86,88.73,88.65,85.2,87.76,88.65,88.65,87.84,87.74,85.9,85.9,85.24,84.39,83.36,83.18,,,
2021-06-18,80.03,79.95,79.79,79.79,79.79,79.84,80.43,81.97,84.8,85.5,85.9,85.89,85.49,85.88,88.49,88.39,88.39,88.49,84.94,84.76,84.78,84.41,82.99,82.87,,,
2021-06-19,83.07,83.07,83.18,81.26,81.26,81.26,81.26,82.47,82.31,82.16,82,90.52,81.77,81.59,82.54,83.39,84.05,85.27,87.44,87.54,87.73,87.83,84.05,83.47,,,
2021-06-20,81.65,80.07,80.07,80.07,80.07,80.07,80.07,80.07,78.48,76.35,80.07,80.07,80.07,80.07,80.65,81.08,81.65,84.39,84.84,84.84,84.84,84.84,84.24,81.8,,,
2021-06-21,78.84,71.67,78.45,77.56,77.3,77.43,80.02,80.97,83.57,84.56,85.05,85,84.33,85,87.77,87.77,87.77,87.77,87.23,86.34,85.05,84.56,83.3,83.16,,,
2021-06-22,80.11,79.94,79.94,78.71,79.94,80.06,80.87,84.67,84.43,84.58,84.56,84.54,84.46,85,85.9,88.67,88.84,88.84,88.92,86.36,85.05,84.57,83.31,83.07,,,
2021-06-23,80.12,79.84,79.3,79.3,79.3,80.37,80.52,81.74,83.31,83.64,83.63,83.63,83.3,85.67,85.89,85.89,85.89,85.89,85.34,85.36,84.57,83.31,82.46,82.52,,,
2021-06-24,83.63,80.04,80.01,79.86,79.98,80.04,80.95,83.62,84.51,84.95,84.94,84.92,84.5,87.19,87.19,87.19,88.43,88.43,88.62,88.72,84.94,84.36,84.01,84.11,,,
2021-06-25,81.33,79.92,79.9,79.9,79.87,79.9,80.83,84.09,84.44,85.25,85.67,85.65,85.22,88.09,88.08,88.08,88.35,88.55,88.55,88.65,85.26,84.41,84.14,84.14,,,
2021-06-26,82.4,80.22,80.21,80.25,80.25,80.25,80.25,80.72,80.72,80.65,80.55,80.55,80.51,80.83,82.71,82.61,83.08,84.63,84.75,84.76,84.77,84.36,82.33,82.39,,,
2021-06-27,80.09,79.18,74.84,74.84,74.84,74.84,74.84,74.84,72.49,63.48,74.84,74.84,74.84,74.84,77.04,80.21,80.84,85.01,84.51,85.01,89.26,84.01,83.36,81.9,,,
2021-06-28,80.25,79.5,79.5,74.21,78.28,79.5,80.99,84.46,84.72,84.92,84.92,84.85,84.6,85.9,85.9,88.4,88.4,88.45,88.7,88.7,88.7,84.92,83.95,83.95,,,
2021-06-29,81.49,80.44,80.28,80.35,80.42,80.42,80.96,84.22,84.41,84.63,85.13,85.12,84.09,85.1,87.94,87.94,87.94,87.94,87.78,87.78,85.13,84.63,84.22,84.33,,,
2021-06-30,80.82,80.28,79.94,79.94,79.92,80.38,80.96,84.18,84.78,85.83,87.24,87.24,85.82,88.43,88.44,88.43,88.43,88.2,87.81,87.83,85.33,84.36,84.23,84.33,,,
2021-07-01,84.77,84.77,84.77,68.64,82.61,84.77,84.77,84.77,86.56,87.31,88.33,90,89.95,89.95,90.92,90.92,90.92,90.92,90.77,88.97,88.32,88.88,85.02,84.82,,,
2021-07-02,84.01,82.92,82.69,81.46,68.64,82.69,83.09,84.72,87.17,88.35,88.54,88.66,87.12,90.07,90.25,90.25,90.68,90.68,90.74,90.74,88.95,88.15,88.26,88.31,,,
2021-07-03,84.35,83.81,73.49,72.34,72.34,71.32,73.49,82.7,85.61,85.61,85.61,85.53,74.22,84.14,84.99,84.9,86.34,88.09,88.31,88.31,88.31,88.31,87.44,85.07,,,
2021-07-04,72.84,67.23,64.34,59.81,62.11,61.8,65.05,59.62,59.56,59.56,61.43,67.23,66.47,67.23,67.23,69.93,84.93,86.23,87.44,87.44,87.44,87.44,86.56,84.1,,,
2021-07-05,72.11,60.28,59.83,59.69,59.73,60.28,68.85,82.56,86.22,88.49,88.84,88.84,88.84,88.84,90.21,90.61,90.61,90.61,90.63,88.95,88.95,88.47,88.47,84.91,,,
2021-07-06,81.97,79.47,79.7,68.64,79.47,79.7,80.35,84.96,86.96,87.21,88.56,88.56,87.21,89.41,90.51,90.15,90.49,90.33,89.59,88.68,87.21,88.68,84.95,85.04,,,
2021-07-07,83.06,83.06,81.6,68.66,68.42,83.06,83.06,84.38,87.82,87.77,87.66,87.28,87.23,88.66,89.53,89.5,89.53,89.53,88.66,88.66,87.28,87.87,84.97,84.61,,,
2021-07-08,82.93,82.93,82.93,82.7,68.64,81.47,82.93,84.9,88.29,88.54,88.54,88.54,87.96,89.91,90.63,90.63,90.87,90.87,90.87,90.87,88.55,88.41,89.16,85.02,,,
2021-07-09,84.22,84.22,82.48,82.42,82.48,84.22,84.22,84.68,87.12,88.33,88.58,88.56,88.55,90.24,90.34,90.34,90.34,90.35,89.73,89.78,88.33,86.93,88.41,88.46,,,
2021-07-10,84.08,83.6,78.81,72.23,68.87,72.23,73.39,80.19,84.68,84.68,87.59,87.43,87.32,87.49,87.46,87.49,87.52,87.52,87.54,87.57,87.6,86.6,84.68,84.68,,,
2021-07-11,74.74,68.99,68.99,59.69,59.56,59.56,60.61,68.99,68.99,72.34,79.33,78.97,82.33,84.89,85.35,85.35,85.63,88.02,88.47,88.63,88.78,88.94,87.69,85.35,,,
2021-07-12,68.85,60.72,59.84,59.65,59.75,60.26,68.85,84.44,88.37,89.48,89.99,89.95,88.5,92.65,92.65,92.65,92.77,92.77,92.98,92.98,89.48,88.29,88.48,88.48,,,
2021-07-13,84.54,84.05,83.82,83.82,83.82,83.82,85.28,88.73,88.82,90.09,90.93,90.93,89.89,94.46,94.45,94.45,97.98,93.88,93.9,91.15,89.46,88.44,88.92,88.98,,,
2021-07-14,87.01,84.38,84.09,82.55,82.55,82.55,85.17,86.26,88.45,89.95,90.79,90.79,90.7,93.5,93.96,93.95,94,93.95,93.48,91.16,89.95,88.44,88.69,88.88,,,
2021-07-15,84.58,83.68,82.18,81.42,81.42,81.42,85.18,85.03,87.26,88.51,89.55,89.5,88.64,92.17,92.55,92.55,93.01,93.25,93.4,93.55,89.78,88.19,86.91,86.17,,,
2021-07-16,84.41,84.46,83.95,81.5,75.45,81.52,85.04,85.02,88.48,88.44,89.82,89.82,89.82,93.41,93.41,93.41,93.41,93.38,93.64,93.6,90.07,88.76,87.74,88.67,,,
2021-07-17,87.63,87.63,87.04,84.23,84.23,84.23,84.35,84.99,86,86.57,88.21,88.16,88.16,88.42,88.5,88.47,89.79,90.38,90.38,90.38,90.38,89.96,87.17,86.57,,,
2021-07-18,84.71,83.77,77.64,73.1,71.94,68.78,73.1,73.1,79.51,84.78,85.06,85.78,85.34,85.78,86.1,86.91,87.78,90.68,90.47,91.02,90.49,90.23,86.91,85.69,,,
2021-07-19,82.33,66.92,76.47,66.92,66.92,82.29,82.33,84.56,87.41,88.52,89.63,89.43,88.46,90.08,93.98,93.97,93.98,93.97,93.65,93.65,90.09,88.52,88.26,88.26,,,
2021-07-20,86.66,86.66,84.62,84.09,84.09,84.62,88.15,87.99,88.55,90.85,92.1,92.1,91.99,92.59,94.71,94.68,94.79,94.68,94.74,94.92,92.26,89.26,87.99,88.1,,,
2021-07-21,86.93,86.66,84.48,83.77,83.78,83.98,85.47,88.28,88.51,89.86,90.92,90.92,90.91,92.89,95.27,94.78,94.78,94.79,94.79,94.64,90.92,88.58,88.39,88.55,,,
2021-07-22,85.7,84.88,84.33,82.88,82.88,84.08,85.55,88.36,89.31,90.63,92.89,92.43,92.32,95.17,95.19,95.19,112.06,95.37,95.27,94.18,92.38,89.81,88.36,88.46,,,
2021-07-23,86.75,86.8,86.8,83.85,81.42,85.28,85.49,85.35,87.93,89.6,90.68,91.1,91.1,93.66,94.74,94.74,94.75,94.75,94.7,94.64,90.7,88.69,88.08,88.18,,,
2021-07-24,86.93,84.46,84.46,84.46,80.78,80.78,84.46,84.46,85.38,85.52,87.09,87.62,87.36,87.88,88.69,88.71,89.22,92.72,92.72,93.02,93.13,90.33,89.01,85.6,,,
2021-07-25,84.57,79.67,72.08,72.55,68.79,68.79,73.73,68.79,68.79,73.23,84.75,85.04,85.01,85.29,86.32,86.69,88.15,89.52,90.8,91.31,90.76,90.8,89.3,85.7,,,
2021-07-26,82.37,76.16,65.41,61.72,61.41,75.11,82.85,85.59,88.22,89.83,90.76,90.75,90.46,91.73,93.54,93.54,93.54,93.54,94.34,93.97,91.1,89.34,88.58,88.58,,,
2021-07-27,87.01,84.64,84.34,83.85,83.81,83.86,88.38,88.22,88.17,89.25,89.66,89.66,89.63,92.53,92.74,93.88,94.77,95.36,94.34,93.98,91.81,89.25,88.22,88.22,,,
2021-07-28,86.95,87.01,84.74,83.84,82.97,83.86,88.13,87.97,88.62,90.09,90.77,90.77,90.67,91.74,92.67,93.98,93.97,93.97,93.97,93.78,92.91,89.51,88.13,88.24,,,
2021-07-29,86.87,84.7,84.19,83.08,83.08,84.12,85.4,86.4,88.14,89.2,90.27,90.26,90.21,91.58,92.6,93.84,94.31,94.34,94.46,94.64,94.91,89.51,88.44,88.55,,,
2021-07-30,86.81,84.64,84.39,83.86,83.06,84.61,85.2,86.62,88.14,89.53,90.71,90.93,90.93,92.43,93.92,94.02,94.98,95.13,94.3,93.19,91.61,89.25,88.45,88.56,,,
2021-07-31,86.43,86.43,86.43,84.51,83.73,84.51,84.9,87.35,87.3,87.21,88.4,88.99,88.98,89.76,89.76,89.76,89.76,89.76,89.76,89.76,89.76,89.05,87.51,87.62,,,
2021-08-01,95.48,91.45,87.58,84.85,82.22,81.21,83.42,80.86,83.31,87.88,92.13,92.13,92.23,92.43,93.33,93.85,95.21,97.11,97.07,97.17,97.17,96.9,96.94,93.07,,,
2021-08-02,91.12,89.55,84.91,84.22,84.22,84.22,88.62,92.64,96.09,96.13,96.13,96.08,94.96,96.09,96.39,96.94,98.08,99.32,99.32,99.32,99.32,98.15,97.67,96.02,,,
2021-08-03,91.82,91.84,90.84,87.23,87.23,89.79,91.66,92.33,94.48,95.69,96.13,96.12,96.11,95.8,96.18,96.51,97.2,98.1,98.11,98.11,98.11,96.12,96.13,96.13,,,
2021-08-04,91.08,87.28,86.2,82.8,82.19,86.2,90.65,92.58,93.95,94.81,94.81,94.8,94.8,94.8,94.8,95.34,97.39,97.4,97.4,98.05,97.83,98.19,96.84,92.6,,,
2021-08-05,91.76,90.23,88.68,84.97,84.97,86.25,91.67,92.56,94.7,95.11,95.83,96.27,96.25,96.25,97.77,97.77,99.43,100.13,100.02,100.36,100.42,98.83,98.36,96.47,,,
2021-08-06,91.74,91.72,90.08,90.04,90.11,92.07,92.88,93.95,96.06,97.43,98.25,98.25,98.25,98.25,99.3,99.3,100.56,100.56,100.56,100.85,100.96,101.18,101.18,96.44,,,
2021-08-07,94.32,92.58,91.87,91.78,91.78,91.78,92.59,92.33,92.63,95.46,94.95,95.37,94.95,95.77,96.25,96.3,96.3,97.87,97.88,97.89,97.9,97.67,95.93,96.04,,,
2021-08-08,91.85,91.1,86.53,84.79,82.06,81.33,83.7,81.13,83.51,87.59,92.15,92.14,92.38,92.69,93.3,93.84,95.27,97.16,97.19,97.19,97.16,96.79,95.23,92.95,,,
2021-08-09,91,87.79,84.8,81.84,81.84,84.48,91.62,91.93,95.75,97.02,98.11,98.11,97.14,100.07,101.78,101.78,101.78,101.78,102.31,102.31,99.63,97.17,95.88,95.88,,,
2021-08-10,94.4,91.96,91.46,89.78,89.81,91.16,92.41,92.27,94.49,96.04,97.08,97.08,96.13,98.13,99.21,100.41,100.41,100.63,100.63,100.74,97.43,96.13,96.08,96.2,,,
2021-08-11,91.68,91.35,89.36,87.16,88.38,87.16,91.7,92.35,94.67,96.15,96.41,96.43,96.35,97.17,98.3,98.93,98.93,98.93,98.94,98.94,97.58,96.16,96.34,96.34,,,
2021-08-12,91.79,91.82,91.32,89.83,89.9,89.9,92.63,92.52,94.78,96.12,96.21,96.21,96.21,97.58,98.91,98.91,98.91,98.91,98.25,98.26,97.25,95.76,96.29,96.29,,,
2021-08-13,91.69,91.41,89.98,89.77,89.83,89.83,91.4,92.37,94.98,96.12,96.38,96.37,96.27,98.92,98.92,98.92,98.92,98.28,97.57,97.59,96.35,94.67,96.16,96.16,,,
2021-08-14,91.73,91.73,91.19,86.61,84.65,84.65,91.81,91.86,92.43,93.03,94.1,94.1,94.1,94.1,94.1,94.96,94.96,95.29,95.34,95.51,95.62,96.88,92.48,92.25,,,
2021-08-15,84.68,81.9,81.46,78.75,62.57,62.57,78.97,78.97,78.97,80.39,82.4,82.4,83.74,87.31,92.12,92.69,93.75,95.95,95.96,95.96,96.14,96.37,93.21,92.95,,,
2021-08-16,84.64,81.52,81.52,64.05,63.73,78.63,83.12,86.52,92.34,92.58,94.83,94.83,94.02,94.86,95.54,96.24,98.03,97.94,98.09,97.91,97.29,96.31,94.42,92.74,,,
2021-08-17,87.87,84.69,80.68,79.1,79.1,80.68,85.01,92.52,94.58,95.82,95.82,95.75,95.75,96.43,97.54,97.54,100.5,100.63,101.07,101.07,101.07,96.44,96.23,96.23,,,
2021-08-18,91.26,89.33,86.06,86.06,82.73,86.15,91.42,92.68,95.72,96.58,97.43,97.32,96.16,98.03,98.02,98.02,98.03,98.03,96.9,97.43,96.32,94.91,96.18,96.23,,,
2021-08-19,90.94,89.55,88.57,84.62,84.62,86.18,91.79,92.46,94.8,95.9,96.15,96.14,95.87,96.77,96.77,96.77,96.78,96.79,96.4,96.42,96.44,94.86,96.46,92.48,,,
2021-08-20,90.91,87.44,86.11,86.01,85.95,86.11,90.92,92.3,95.22,96.27,96.27,96.26,94.75,97.05,97.05,97.05,97.06,96.65,96.09,96.1,96.12,96.47,92.49,92.06,,,
2021-08-21,91.55,91.06,87.1,86.63,84.48,84.48,86.67,87.71,91.57,91.65,91.92,91.9,91.9,92.33,93.34,94.44,94.44,95.84,95.84,95.84,95.84,95.49,92.5,91.7,,,
2021-08-22,86.94,83.16,81.44,80.09,79.76,79.78,80.09,81.91,81.91,83.6,92.13,92.25,92.3,92.3,92.3,92.3,92.3,93.22,93.23,93.23,93.23,93.23,92.53,87.52,,,
2021-08-23,83.38,80.86,77.11,64.04,64.04,80.57,84.41,91.37,95.79,94.91,96.09,96.07,95.09,96.41,96.51,96.41,97.85,97.85,98.07,98.07,98.07,96.03,95.79,92.38,,,
2021-08-24,91.06,86.87,84.4,82.14,82.14,84.42,91.64,92.35,94.82,96.18,96.49,96.49,95.41,97.35,97.3,97.3,97.3,97.35,97.35,97.35,96.36,95.42,95.26,92.16,,,
2021-08-25,89.82,84.65,83.7,80.48,81.23,84.43,90.74,92.42,95.17,97.11,97.69,97.63,96.2,97.86,97.87,97.87,97.87,97.63,96.22,96.23,96.06,96.08,96.08,92.27,,,
2021-08-26,90.91,89.83,86.24,84.46,84.46,86.24,91.67,95.5,96.03,97.64,97.63,97.63,97.52,97.61,97.61,97.61,97.61,97.63,97.02,97.21,97.03,95.67,95.5,95.62,,,
2021-08-27,91.09,89.28,84.35,84.35,84.35,84.35,91.37,95.41,96.38,97.98,97.98,97.98,97.8,97.99,97.99,97.69,97.24,97.02,96.12,96.37,96.14,95.77,92.14,91.96,,,
2021-08-28,91.04,90.88,88.45,86.58,84.4,86.39,89.12,92.24,92.76,93.73,94.91,94.75,94.52,94.41,94.35,94.24,94.35,94.52,95.02,94.75,95.1,93.11,91.84,91.92,,,
2021-08-29,86.58,82.6,81.42,80.51,79.95,79.95,80.51,82.04,83.78,84.99,89.5,92.13,92.05,91.97,92.4,92.45,92.45,93.56,94.28,94.28,94.28,94.28,93.53,88.44,,,
2021-08-30,83.42,79.36,62.52,61.81,61.81,77.23,82.6,91.67,95.01,96.41,97.7,97.59,96.36,97.59,97.59,97.59,97.59,97.59,95.88,96.29,95.88,96.23,92.26,92.27,,,
2021-08-31,90.96,87.25,84.39,81.94,81.69,84.17,91.4,92.16,96.07,97.21,97.21,97.21,95.66,97.2,97.2,96.77,96.77,96.51,95.52,95.58,94.48,96.08,91.77,91.77,,,
